N,country,year,Q.balance,UV.balance,energy_adequacy,gdp,polyunsatFA_percentseafood,calories_percentseafood,protein_percentseafood,vitaminA_percentseafood,thiamin_percentseafood,niacin_percentseafood,riboflavin_percentseafood,B6_percentseafood,iron_percentseafood,calcium_percentseafood,zinc_percentseafood,native,fishmeal,habitat,spp_farmed,prod_ratio,vitamins_all
1,Albania,2011,0.937490267,0.768587207,1,0.067587863,0.021474217,0.02233478,0.03017435,0.015255485,0.037835666,0.05528551,0.013829383,0.033871215,0.028102683,0.004526102,0.039312257,NA,NA,NA,0.136363636,0.646940034,0.028502288
2,Algeria,2011,0.83462156,0.79029582,1,0.092951851,0.012736747,0.019756945,0.029251096,0.021410851,0.034786626,0.047567577,0.023869519,0.036966704,0.034455606,0.008616744,0.030242149,NA,NA,NA,0.204545455,0.446130458,0.029739472
3,Angola,2011,0.863424353,0.887547295,1,0.047429856,0.051176985,0.062356908,0.155652593,0.019934529,0.128380144,0.190349693,0.063054576,0.081287081,0.111178756,0.131140937,0.102073921,NA,NA,NA,0.011363636,0.228672343,0.103424955
4,Antigua and Barbuda,2011,0.873989986,0.668018822,NA,0.145099299,0.114726757,0.271333395,0.368617508,0.101126114,0.236553174,0.164974243,0.16003273,0.321244532,0.483013908,0.206341665,0.312560649,NA,NA,NA,NA,NA,0.248230877
5,Argentina,2011,0.993954056,0.918162951,1,NA,0.006330971,0.017412635,0.024974389,0.001354541,0.013228268,0.018741061,0.014072031,0.030759804,0.030285513,0.009147836,0.022695871,0.633333333,1,0.882352941,0.238636364,0.329683583,0.017535616
6,Armenia,2011,0.786590839,0.862393963,1,0.046339971,0.00605005,0.008615361,0.009867212,0.004478518,0.008313224,0.012321361,0.005666304,0.00875594,0.010229597,0.001816252,0.007280622,NA,NA,NA,0.079545455,0.846904118,0.007357727
7,Aruba,2011,0.838635542,0,NA,0.265152962,NA,NA,NA,NA,NA,NA,NA,NA,NA,NA,NA,NA,NA,NA,0,0.404902833,NA
8,Australia,2011,0.920329385,0.992580514,1,0.308209045,0.022798031,0.062618566,0.09509683,0.040894165,0.068653361,0.095574781,0.038502932,0.094213059,0.23409181,0.020612371,0.159995013,0.255555556,0.244444444,0.617647059,0.386363636,0.640014557,0.094067187
9,Austria,2011,0.991758963,0.575676962,1,0.325132603,0.012261803,0.028106803,0.050123071,0.018857799,0.047866878,0.064871101,0.02471357,0.050649444,0.097189406,0.009556746,0.06813256,NA,NA,NA,0.238636364,0.850041048,0.047729688
10,Azerbaijan,2011,0.950111369,0.46115292,1,0.113386262,0.011729483,0.011068107,0.01179093,0.01219658,0.008936741,0.013562482,0.00838143,0.010530003,0.01010431,0.003301371,0.007633816,NA,NA,NA,0.136363636,0.656932009,0.009330842
11,Bahamas,2011,0.921850242,0.612921579,NA,0.165153936,0.07220671,0.128768239,0.209718977,0.100943652,0.143392987,0.165529875,0.101094813,0.168009009,0.226465633,0.101334248,0.405545823,NA,NA,NA,0.056818182,0,0.176539505
12,Bahrain,2011,0.984629086,0.857588491,NA,0.292580616,NA,NA,NA,NA,NA,NA,NA,NA,NA,NA,NA,NA,NA,NA,0.056818182,0.162859241,NA
13,Bangladesh,2011,0.844882411,0.774430252,1,0.014698094,0.012105595,0.011598142,0.023534274,0.028429165,0.015344573,0.017527968,0.012914751,0.018320655,0.013918896,0.01049817,0.058602257,0.444444444,0.222222222,0,0.329545455,0.702538562,0.021944554
14,Barbados,2011,0.831118817,0.922674513,1,0.11074432,0.084423132,0.193021398,0.300618279,0.247674681,0.220933236,0.267784642,0.167607711,0.325467774,0.266858798,0.134640167,0.320987123,NA,NA,NA,0.011363636,0.354369474,0.243994267
15,Belarus,2011,0.947243491,0.89994459,1,0.119747296,0.027426635,0.05112266,0.071430534,0.026197972,0.075481751,0.103621354,0.038687072,0.073107163,0.08510961,0.012404568,0.05783793,NA,NA,NA,0.147727273,0.888160181,0.059055928
16,Belgium,2011,0.995216121,0.883442281,1,0.301434529,0.018707313,0.050000039,0.089793199,0.018684535,0.082552428,0.088817615,0.046429257,0.069420654,0.269621654,0.021088676,0.181293285,NA,NA,NA,0.102272727,0.337719414,0.097238513
17,Belize,2011,0.878164984,0.75217166,1,0.054232837,0.040572738,0.062137331,0.112698757,0.013603556,0.05036406,0.054579323,0.056303558,0.086579326,0.108904161,0.08239446,0.115139227,0,0.222222222,0,0.056818182,0.433714224,0.070983459
18,Benin,2011,0.651332963,0.900925047,1,0.008573014,0.019568382,0.032229111,0.074818803,0.021828785,0.03486267,0.065744459,0.036117001,0.033949022,0.116055476,0.063878324,0.03615331,NA,NA,NA,0.056818182,0.394201111,0.051073631
19,Bermuda,2011,0.918103646,0.872192419,NA,0.407245527,NA,NA,NA,NA,NA,NA,NA,NA,NA,NA,NA,NA,NA,NA,NA,NA,NA
20,Bhutan,2011,0,0.723105531,NA,0.046933228,NA,NA,NA,NA,NA,NA,NA,NA,NA,NA,NA,NA,NA,NA,0.079545455,1,NA
21,Bolivia,2011,0.809282062,0.848935978,0.916666667,0.037314523,0.00267396,0.005359195,0.008833144,0.00227653,0.00482547,0.004377822,0.002756174,0.009278013,0.005778528,0.002934211,0.004083313,NA,NA,NA,NA,NA,0.004538758
22,Bosnia and Herzegovina,2011,0.866325606,0.989036585,1,0.064778132,0.011864712,0.017464484,0.027615331,0.008391609,0.029927091,0.029813722,0.015481123,0.02053319,0.045043617,0.005876328,0.032722354,NA,NA,NA,0.159090909,0.896012827,0.023473629
23,Botswana,2011,0.850869268,0.475500339,0.666666667,0.097506897,0.012266065,0.016026674,0.028903666,0.016303331,0.032174606,0.059237006,0.015394249,0.029321548,0.021136724,0.020480422,0.018908667,NA,NA,NA,NA,NA,0.026619569
24,Brazil,2011,0.863336882,0.858192896,1,0.106470173,0.004885303,0.017435218,0.029584714,0.004461048,0.028223328,0.021777228,0.016553373,0.031953353,0.023157392,0.009335367,0.020212297,0.022222222,0.244444444,0.029411765,0.5,0.666780018,0.019459173
25,Brunei,2011,0.821337929,0.716858771,1,0.544178552,0.049382508,0.093125355,0.151719726,0.181272506,0.175210791,0.140368807,0.100291889,0.140205375,0.33628988,0.085263012,0.283582199,NA,NA,NA,NA,NA,0.180310557
26,Bulgaria,2011,0.983082081,0.94383592,1,0.11225368,0.011065253,0.020720506,0.031540409,0.021879003,0.039911968,0.048386279,0.021282382,0.042083594,0.063424942,0.007687409,0.043354009,NA,NA,NA,0.5,0.668133291,0.036001198
27,Burkina Faso,2011,0.846880251,0.677604753,1,0.006391746,0.015837686,0.026111789,0.048345785,0.020324197,0.039992529,0.070562337,0.02981735,0.038336724,0.053966312,0.042944949,0.018888159,NA,NA,NA,NA,NA,0.03935407
28,Burundi,2011,0.812479805,0.450429693,NA,0.000716103,NA,NA,NA,NA,NA,NA,NA,NA,NA,NA,NA,NA,NA,NA,0.011363636,0.355002233,NA
29,Cote dIvoire,2011,0.998903744,0.512086201,1,0.014455398,NA,NA,NA,NA,NA,NA,NA,NA,NA,NA,NA,NA,NA,NA,NA,NA,NA
30,Cote dIvoire,2011,0.998903744,0.512086201,NA,NA,NA,NA,NA,NA,NA,NA,NA,NA,NA,NA,NA,NA,NA,NA,NA,NA,NA
31,Cabo Verde,2011,0.606589117,0.925671898,1,0.041429869,0.036378186,0.057523751,0.105478405,0.038326847,0.097290996,0.170271184,0.052282613,0.080543028,0.098199673,0.097842638,0.08060941,NA,NA,NA,NA,NA,0.089420799
32,Cambodia,2011,0.978069324,0.88073784,1,0.015217943,NA,NA,NA,NA,NA,NA,NA,NA,NA,NA,NA,0.444444444,0.222222222,0,0.318181818,0.56607388,NA
33,Cameroon,2011,0.821868349,0.849890124,1,0.014961764,0.06719438,0.072740424,0.136392321,0.024691767,0.114158773,0.210821558,0.09184416,0.086617581,0.13699812,0.105208689,0.064539796,NA,NA,NA,0.079545455,0.324627813,0.104360056
34,Canada,2011,0.941727271,0.870116048,1,0.306743131,0.017586426,0.052929248,0.089931389,0.034751819,0.053076814,0.067806781,0.033331206,0.072540407,0.153495705,0.024634328,0.182658823,0.488888889,0.344444444,0.544117647,0.181818182,0.59080055,0.077786985
35,Cayman Islands,2011,0.735625781,0.965759991,NA,0.3691752,NA,NA,NA,NA,NA,NA,NA,NA,NA,NA,NA,NA,NA,NA,NA,NA,NA
36,Central African Republic,2011,0.5883659,0.989643458,0.75,0.002071905,0.003735068,0.007146486,0.016034508,0.007953444,0.01140749,0.0231149,0.007848314,0.009214602,0.0201554,0.006390358,0.007223491,NA,NA,NA,0.045454545,0.343020485,0.0116635
37,Chad,2011,0.711948615,0.736113828,0.666666667,0.009328069,NA,NA,NA,NA,NA,NA,NA,NA,NA,NA,NA,NA,NA,NA,0.011363636,0,NA
38,Chile,2011,0.941611554,0.827217116,1,0.147182441,0.022897337,0.043752221,0.067381586,0.005261462,0.029481612,0.046127077,0.032367333,0.086245144,0.056398296,0.02653292,0.048844376,0.233333333,0.244444444,0.323529412,0.25,0.619107032,0.041407278
39,China,2011,0.934609431,0.993641009,1,0.074164627,0.018006212,0.055379789,0.07814684,0.026266102,0.024066146,0.041149407,0.062595733,0.033364082,0.379165872,0.142819737,0.232347118,0.177777778,0.988888889,0.617647059,1,0.783572771,0.117721775
40,Hong Kong,2011,0.831527608,0.415321738,NA,NA,NA,NA,NA,NA,NA,NA,NA,NA,NA,NA,NA,NA,NA,NA,NA,NA,NA
41,Macao,2011,0.980313211,0.914115765,NA,NA,NA,NA,NA,NA,NA,NA,NA,NA,NA,NA,NA,NA,NA,NA,NA,NA,NA
42,Colombia,2011,0.98415824,0.82319819,1,0.08149345,0.01205094,0.02019598,0.040166652,0.000165132,0.018261557,0.026566812,0.014259799,0.044566954,0.023217278,0.009138377,0.021548558,1,0.222222222,0.294117647,0.25,0.558584187,0.019715558
43,Comoros,2011,0.571796059,0.588752138,NA,0.005473396,NA,NA,NA,NA,NA,NA,NA,NA,NA,NA,NA,NA,NA,NA,NA,NA,NA
44,Congo,2011,0.994203396,0.728525567,0.833333333,0.037567706,0.10941284,0.086253877,0.192377902,0.018309346,0.225108867,0.227776569,0.100024647,0.144918549,0.125581933,0.204682477,0.15682415,NA,NA,NA,0.011363636,0.230313976,0.150403317
45,Democratic Republic of the Congo,2011,0.815905877,0.927586422,NA,0,NA,NA,NA,NA,NA,NA,NA,NA,NA,NA,NA,NA,NA,NA,NA,NA,NA
46,Cook Islands,2011,0.937401731,0.929704199,NA,NA,NA,NA,NA,NA,NA,NA,NA,NA,NA,NA,NA,NA,NA,NA,0.045454545,0.153236744,NA
47,Costa Rica,2011,0.904337697,0.899063418,1,0.09329567,0.011336061,0.02086245,0.038913965,0.000694952,0.017767717,0.019368619,0.013306047,0.039999443,0.033241038,0.010975601,0.03244336,1,0.222222222,0.294117647,0.147727273,0.715411431,0.020974597
48,Croatia,2011,0.915594941,0.690555029,1,0.149468578,0.04363581,0.075475241,0.119966238,0.071464413,0.136565948,0.195536919,0.064740944,0.141158703,0.251347696,0.023446448,0.153086354,NA,NA,NA,0.261363636,0.589006434,0.129668428
49,Cuba,2011,0.836669629,0.819273798,1,0.137136021,0.006317763,0.010745763,0.020493418,0.003066014,0.013144269,0.012888649,0.009462798,0.016596509,0.013450709,0.006592813,0.013682317,NA,NA,NA,0.136363636,0.707279075,0.01111051
50,Curaçcao,2011,0.961080167,0.460852046,NA,NA,NA,NA,NA,NA,NA,NA,NA,NA,NA,NA,NA,NA,NA,NA,NA,NA,NA
51,Cyprus,2011,0.956918034,0.722234392,1,0.242441403,0.019373743,0.054542626,0.084613427,0.048644134,0.086383223,0.100509166,0.040684437,0.094287161,0.143170633,0.022127451,0.140258118,NA,NA,NA,0.159090909,0.799104557,0.08450804
52,Czech Republic,2011,0.90295586,0.923083936,1,0.209640727,0.011409064,0.023009402,0.038788283,0.019577513,0.04241776,0.051730547,0.020824737,0.04426502,0.061182236,0.008527814,0.041898225,NA,NA,NA,0.181818182,0.821334678,0.036302981
53,Czechoslovakia,2011,0.996728344,0.712316534,NA,NA,NA,NA,NA,NA,NA,NA,NA,NA,NA,NA,NA,NA,NA,NA,0.079545455,NA,NA
54,Denmark,2011,0.896538245,0.73068998,1,0.319826997,0.054094711,0.070199635,0.089642675,0.03181742,0.135551463,0.173709204,0.049835524,0.122723214,0.176357708,0.01209105,0.122414211,1,0.255555556,0.735294118,0.261363636,0.502028807,0.103062474
55,Djibouti,2011,0.829146669,0.803807313,1,0.016223934,0.010435092,0.009661582,0.020301899,0.001962392,0.019502309,0.044900105,0.013683788,0.021411656,0.009720594,0.027479389,0.006558111,NA,NA,NA,NA,NA,0.018152293
56,Dominica,2011,0.950863631,0.169771711,NA,0.071702461,0.115430575,0.12576726,0.210233741,0.016164128,0.081344873,0.112459198,0.070692464,0.18062923,0.119827672,0.04262479,0.141738826,NA,NA,NA,0.022727273,0.385306639,0.095685148
57,Dominican Republic,2011,0.938206121,0.843184911,1,0.080587834,0.012303083,0.033231822,0.068904476,0.001284728,0.036580779,0.036651497,0.028017673,0.054820377,0.048808625,0.024801476,0.046282001,NA,NA,NA,0.25,0.578188173,0.034655895
58,Ecuador,2011,0.973178263,0.991579165,1,0.069736922,0.011959851,0.025346277,0.043815358,0.000203887,0.033445553,0.027822054,0.014427809,0.037736058,0.03241039,0.012517078,0.043963928,0.988888889,0.222222222,0,0.170454545,0.672360815,0.025315844
59,Egypt,2011,0.987171794,0.561133745,1,0.070817069,0.026466516,0.029329539,0.051569691,0.032668954,0.053913059,0.055805291,0.037591338,0.054100148,0.028480689,0.014565119,0.060792238,0.955555556,0.211111111,0.573529412,0.170454545,0.771746815,0.042239604
60,El Salvador,2011,0.932951499,0.875169113,1,0.052280032,0.011637218,0.023524694,0.046045855,0.002585479,0.024197568,0.026414493,0.017124702,0.029944689,0.021716393,0.011598451,0.026664469,NA,NA,NA,0.113636364,0.541857867,0.020030781
61,Equatorial Guinea,2011,0.840100535,0.769817588,NA,0.270693774,NA,NA,NA,NA,NA,NA,NA,NA,NA,NA,NA,NA,NA,NA,0.022727273,0.286169223,NA
62,Eritrea,2011,0.984351311,0.759828708,NA,0.005948301,NA,NA,NA,NA,NA,NA,NA,NA,NA,NA,NA,NA,NA,NA,0.011363636,0,NA
63,Estonia,2011,0.999784127,0.872940944,1,0.174814588,0.026477814,0.035431958,0.054255456,0.013863237,0.051731688,0.062775408,0.023159602,0.053211328,0.059022524,0.008218866,0.057764138,NA,NA,NA,0.147727273,0.34184671,0.041218349
64,Ethiopia,2011,0.947323303,0.884108829,0.666666667,0.004105609,0,0,0,0,0,0,0,0,0,0,0,NA,NA,NA,0.045454545,0.237810706,0
65,Ethiopia PDR,2011,0.372764047,0.576158698,NA,NA,NA,NA,NA,NA,NA,NA,NA,NA,NA,NA,NA,NA,NA,NA,NA,NA,NA
66,Falkland Islands,2011,0.438572591,0.494415192,NA,NA,NA,NA,NA,NA,NA,NA,NA,NA,NA,NA,NA,NA,NA,NA,NA,NA,NA
67,Faroe Islands,2011,0.903965714,0.852913075,NA,NA,NA,NA,NA,NA,NA,NA,NA,NA,NA,NA,NA,1,0.222222222,0.294117647,0.011363636,0.58520998,NA
68,Fiji,2011,0.987409154,0.77598653,1,0.051458311,0.15362123,0.173308647,0.28382437,0.203422654,0.297103943,0.401730849,0.303466679,0.329293791,0.184911342,0.118299103,0.189964453,NA,NA,NA,NA,NA,0.253524102
69,Finland,2011,0.940536086,0.724678808,1,0.296885475,0.082016301,0.10200431,0.123570436,0.046269893,0.162195121,0.21955813,0.081502857,0.164368607,0.230054153,0.017737369,0.142385806,1,0.222222222,0.294117647,0.045454545,0.52781928,0.133008992
70,France,2011,0.980220872,0.960060707,1,0.274967172,0.034585075,0.090354885,0.1312133,0.053387868,0.135682078,0.153714147,0.068945169,0.13097648,0.478526651,0.027939187,0.260954743,0.311111111,0.977777778,0.676470588,0.647727273,0.642112861,0.16376579
71,French Guiana,2011,0.908157455,0.684617907,NA,NA,NA,NA,NA,NA,NA,NA,NA,NA,NA,NA,NA,NA,NA,NA,0.056818182,0.234349928,NA
72,French Polynesia,2011,0.863035133,0.952614903,NA,NA,0.104573738,0.228557509,0.329638269,0.22165377,0.39140799,0.371290776,0.279434416,0.375509002,0.480630072,0.19939121,0.437514427,NA,NA,NA,0.102272727,0.604933707,0.344603958
73,Gabon,2011,0.772996474,0.719913037,1,0.123472382,NA,NA,NA,NA,NA,NA,NA,NA,NA,NA,NA,NA,NA,NA,0.022727273,0.321847462,NA
74,Gambia,2011,0.839515683,0.920768217,1,0.006856913,0.075898151,0.109146005,0.248163609,0.024966877,0.302384549,0.409960944,0.181835618,0.212066099,0.140060462,0.386730327,0.14199315,NA,NA,NA,0.045454545,0.219752528,0.224999753
75,Georgia,2011,0.882838406,0.857705207,1,0.042736983,0.029184117,0.037861023,0.048016517,0.062348949,0.034218013,0.048723097,0.03498422,0.039995834,0.040991122,0.013179799,0.030790144,NA,NA,NA,0.068181818,0.453207765,0.038153897
76,Germany,2011,0.967323587,0.993466144,1,0.311050986,0.011467194,0.02635209,0.046959316,0.016076312,0.045740169,0.054131901,0.018266495,0.047770949,0.072459486,0.007584398,0.061162455,1,1,0.882352941,0.272727273,0.584131559,0.040399021
77,Ghana,2011,0.939059919,0.89336614,1,0.021077106,0.158935726,0.098643678,0.232641447,0.046128281,0.146496376,0.326734204,0.118376518,0.10700894,0.147890418,0.090175959,0.109320481,NA,NA,NA,0.045454545,0.505372063,0.136516397
78,Greece,2011,0.949330623,0.964173022,1,0.19449769,0.019957082,0.044407133,0.063788619,0.031171165,0.068242583,0.085516803,0.025225966,0.069546791,0.130772485,0.010853524,0.094647336,1,0.1,0.426470588,0.318181818,0.743782441,0.064497082
79,Greenland,2011,0.906400751,0.992963265,NA,NA,NA,NA,NA,NA,NA,NA,NA,NA,NA,NA,NA,NA,NA,NA,NA,NA,NA
80,Grenada,2011,0.816255397,0.694866964,NA,0.07943278,0.121436794,0.195258488,0.296404423,0.209126078,0.21816932,0.26972889,0.157281036,0.323492559,0.225963103,0.127147315,0.283166581,NA,NA,NA,0.011363636,0,0.22675936
81,Guadeloupe,2011,0.966329437,0.92629714,NA,NA,NA,NA,NA,NA,NA,NA,NA,NA,NA,NA,NA,NA,NA,NA,0.022727273,0.259659921,NA
82,Guam,2011,0.912548789,0.01224336,NA,NA,NA,NA,NA,NA,NA,NA,NA,NA,NA,NA,NA,NA,NA,NA,0.090909091,0.615095694,NA
83,Guatemala,2011,0.94055138,0.962822675,1,0.046304765,0.001573449,0.003469559,0.006863146,2.77E-05,0.0029227,0.003946359,0.002733735,0.004461555,0.004175937,0.002619391,0.00482181,0.444444444,0,0.588235294,0.204545455,0.711261602,0.003213645
84,Guinea,2011,0.990019715,0.486208908,1,0.004245683,0.036516862,0.038085146,0.107692327,0.009319514,0.110555365,0.14420088,0.056380736,0.079133198,0.076985076,0.092886462,0.070117494,NA,NA,NA,0.022727273,0.26875575,0.079947341
85,Guinea-Bissau,2011,0.956981701,0.962898263,1,0.005968526,0.003181636,0.004278571,0.012530032,0.000907795,0.011668185,0.016501813,0.004993806,0.009254014,0.005092343,0.023917514,0.009613634,NA,NA,NA,NA,NA,0.010243638
86,Guyana,2011,0.91805318,0.93760806,1,0.040899534,NA,NA,NA,NA,NA,NA,NA,NA,NA,NA,NA,NA,NA,NA,0.102272727,0.323660043,NA
87,Haiti,2011,0.887193918,0.702824265,0.333333333,0.007080134,0.01346144,0.027593404,0.057486428,0.003206095,0.02638158,0.036330533,0.025985421,0.049344045,0.034487282,0.018825577,0.027921883,NA,NA,NA,0.045454545,0.480025442,0.027810302
88,Honduras,2011,0.968076285,0.943297023,1,0.0285887,0.005623233,0.007414185,0.014675991,0.000158471,0.006636046,0.008265029,0.006574715,0.009657158,0.011850668,0.00513852,0.012006847,0.444444444,0,0,0.056818182,0.807123313,0.007535932
89,Hungary,2011,0.862183444,0.692802177,1,0.164689518,0.003565509,0.009399155,0.017257985,0.007525748,0.018209788,0.022477137,0.008816256,0.018293921,0.024137316,0.003779097,0.019037368,NA,NA,NA,0.136363636,0.759954679,0.015284579
90,Iceland,2011,0.895340459,0.622203387,1,0.29169073,0.214982553,0.354919308,0.429052575,0.128393647,0.600974415,0.585667279,0.217992324,0.518316077,0.680391293,0.094996144,0.665843385,0.266666667,0.4,0.735294118,0.136363636,0.339258288,0.436571821
91,India,2011,0.888796787,0.186603822,1,0.030477834,0.005056606,0.006470715,0.012048473,0.010586415,0.007827894,0.006282225,0.007908442,0.001243494,0.024604903,0.039864059,0.011934177,1,0,0,0.295454545,0.69507645,0.013781451
92,Indonesia,2011,0.991231069,0.864414408,1,0.061821584,0.121820572,0.098622218,0.186092919,0.248244468,0.166424153,0.228738821,0.119780115,0.185767272,0.152581937,0.082365227,0.215638639,1,0.422222222,0.205882353,0.488636364,0.728798316,0.174942579
93,Iran,2011,0.82628848,0.883532122,1,0.129828173,0.011686311,0.02032221,0.026159692,0.017913351,0.017910874,0.027368266,0.018518706,0.020914504,0.019710418,0.007770321,0.018761251,0,0.222222222,0.735294118,NA,NA,0.018608461
94,Iraq,2011,0.005403842,0.935989742,1,0.094455218,0.002333387,0.005584669,0.009524107,0.013074419,0.004950964,0.005636857,0.005413556,0.007196109,0.004366414,0.004323457,0.004934141,NA,NA,NA,0.034090909,0.660895592,0.00623699
95,Ireland,2011,0.901133525,0.946267348,1,0.337500365,0.03321844,0.054064187,0.076789791,0.027122232,0.087586523,0.091837337,0.029832491,0.083577801,0.172658304,0.009629823,0.105594116,0.9,0.7,0.838235294,0.215909091,0.589779775,0.075979828
96,Israel,2011,0.731221654,0.949625702,1,0.224397998,0.015216044,0.047564249,0.075270345,0.032433282,0.092332814,0.081891723,0.038748964,0.080811257,0.079319692,0.018057424,0.070145325,NA,NA,NA,0.181818182,0.848263583,0.06171756
97,Italy,2011,0.914681087,0.665611025,1,0.26430053,0.019921287,0.056631081,0.089729322,0.046707992,0.086211748,0.083720085,0.043827512,0.088917611,0.267046038,0.024502181,0.160873194,1,0.3,0.558823529,0.568181818,0.686527214,0.100225795
98,Jamaica,2011,0.891983622,0.925385411,1,0.058906984,0.073956787,0.113792264,0.193985264,0.055552027,0.120657137,0.141665853,0.086515485,0.151596722,0.170995538,0.050066086,0.220669573,NA,NA,NA,0.056818182,0.519078103,0.124714803
99,Japan,2011,0.985893092,0.793140576,1,0.252424152,0.079444478,0.206125765,0.279207816,0.136054546,0.12682367,0.319815996,0.180828044,0.292003985,0.80613189,0.338955252,0.54657333,1,0.977777778,0.764705882,0.465909091,0.607060301,0.343398339
100,Jordan,2011,0.663823744,0.960775996,1,0.079963116,0.012759931,0.027805825,0.040547809,0.051652119,0.030151977,0.038765668,0.028349598,0.035402758,0.02977168,0.01505433,0.026707738,NA,NA,NA,0.011363636,0.715423596,0.031981984
101,Kazakhstan,2011,0.966974217,0.717209493,1,0.150973444,0.008956136,0.018251699,0.024789843,0.009371064,0.031512407,0.038766105,0.014631874,0.027604213,0.017932875,0.004136907,0.015662527,NA,NA,NA,0.170454545,0.453492243,0.019952246
102,Kenya,2011,0.830654817,0.419077286,1,0.015023187,0.000594726,0.000736119,0.001383985,0.000169371,0.000978807,0.001959214,0.000409004,0.000999346,0.00131322,0.00188387,0.000825127,NA,NA,NA,0.079545455,0.561491879,0.001067245
103,Kiribati,2011,0.937109971,0.962659412,1,0.007806724,NA,NA,NA,NA,NA,NA,NA,NA,NA,NA,NA,1,0.666666667,0.294117647,0.034090909,0.523008492,NA
104,North Korea,2011,0.973412751,0.731264022,0,NA,NA,NA,NA,NA,NA,NA,NA,NA,NA,NA,NA,0.722222222,1,0.882352941,NA,NA,NA
105,South Korea,2011,0.989943027,0.860368625,1,0.230036936,0.066757137,0.179705344,0.26227907,0.067756268,0.111471153,0.256960948,0.152642106,0.2278545,0.586404374,0.281813914,0.425881674,0.844444444,1,0.882352941,NA,NA,0.263848117
106,Kuwait,2011,0.894443158,0.585342698,1,0.566976254,0.01769638,0.040671624,0.060937178,0.047690505,0.040217033,0.049006267,0.040518807,0.043135491,0.070259547,0.02819243,0.07094646,NA,NA,NA,0.068181818,0.532999688,0.048745818
107,Kyrgyzstan,2011,0.77866111,0.856199513,1,0.017254643,0.008468103,0.010762381,0.014163341,0.006173811,0.020583675,0.027066944,0.011323025,0.018664324,0.008828814,0.002506556,0.008020711,NA,NA,NA,0.079545455,0.834187377,0.012895982
108,Laos,2011,0.865210581,0.97372307,1,0.027088329,0.004347227,0.003165328,0.005500754,0.004232576,0.00483412,0.006090406,0.003982452,0.004420449,0.005347409,0.001768464,0.006476464,NA,NA,NA,NA,NA,0.004644043
109,Latvia,2011,0.968239688,0.868101456,1,0.141077586,0.050837944,0.09435485,0.1425233,0.043578348,0.150545102,0.189957329,0.074614203,0.152559376,0.210391739,0.027867707,0.14303411,NA,NA,NA,0.227272727,0.320930006,0.124068489
110,Lebanon,2011,0.92661369,0.863460105,1,0.118293367,0.011509223,0.034867395,0.058013989,0.044256872,0.038914551,0.045575057,0.032849591,0.040893751,0.043227761,0.021959855,0.049980305,NA,NA,NA,0.045454545,0.641391803,0.039707218
111,Lesotho,2011,0.800688772,0.949824166,1,0.012586489,NA,NA,NA,NA,NA,NA,NA,NA,NA,NA,NA,NA,NA,NA,0.022727273,0.835214452,NA
112,Liberia,2011,0.657847231,0.833313515,1,0.000865167,NA,NA,NA,NA,NA,NA,NA,NA,NA,NA,NA,NA,NA,NA,0.045454545,0.286073553,NA
113,Libya,2011,0.82617874,0.936471807,NA,0.077949638,0.011959372,0.011471904,0.024923734,0.010027026,0.020175649,0.020646359,0.011653133,0.020834443,0.019822489,0.005633309,0.018116571,NA,NA,NA,0.034090909,0.160520262,0.015863622
114,Lithuania,2011,0.818671311,0.60271765,1,0.164228844,0.126066564,0.161560299,0.190701647,0.072469979,0.242973064,0.35981658,0.123037315,0.259799614,0.379516278,0.025970861,0.201112357,NA,NA,NA,0.170454545,0.450901468,0.208087006
115,Luxembourg,2011,0.978515979,0.94787347,1,0.677573009,0.039098571,0.072510658,0.107006208,0.044980484,0.099633297,0.115310181,0.044038672,0.097264941,0.268118982,0.02288106,0.188007496,NA,NA,NA,NA,NA,0.110029389
116,Macedonia,2011,0.801675965,0.769132067,1,0.082577343,0.009020397,0.020595477,0.034719403,0.013473618,0.039427243,0.046394114,0.01712155,0.031836021,0.032690438,0.006489627,0.031955296,NA,NA,NA,NA,NA,0.027423488
117,Madagascar,2011,0.99878839,0.734024685,0.833333333,0.005651673,0.035522574,0.018188057,0.044941785,0.017318422,0.050251148,0.059074623,0.023535768,0.030378553,0.064417037,0.029709726,0.025734979,1,0,0,0.102272727,0.536347013,0.037552532
118,Malawi,2011,0.949674692,0.455053787,1,0.001059923,0.000711731,0.00123796,0.002760676,0.000963009,0.001567573,0.002488587,0.001281536,0.001492054,0.00504631,0.002275964,0.001346769,NA,NA,NA,0.090909091,0.47340558,0.002057725
119,Malaysia,2011,0.915532653,0.861717426,1,0.15916968,0.170407296,0.220083458,0.361867142,0.317927806,0.452496895,0.439268791,0.274434967,0.371948588,0.493064428,0.191893045,0.58146241,1,0.811111111,0.485294118,0.534090909,0.640127624,0.390312116
120,Maldives,2011,0.778269584,0.964587299,1,0.078724917,1,1,1,1,1,1,1,1,1,0.556888157,1,NA,NA,NA,NA,NA,0.94461102
121,Mali,2011,0.608193737,0.637736013,1,0.006826202,0.003064295,0.004626954,0.008776829,0.003267382,0.008887201,0.014951221,0.004176406,0.006847965,0.0123688,0.004612995,0.003529041,NA,NA,NA,0.034090909,0.436859483,0.007330126
122,Malta,2011,0.893614291,0.917772573,1,0.20644448,0.068734557,0.111053037,0.156837722,0.104863973,0.182310422,0.194654544,0.110517024,0.166335194,0.372147602,0.057574094,0.238080556,NA,NA,NA,0.079545455,0.712868764,0.178310426
123,Marshall Islands,2011,0.981931013,0.87569923,NA,0.021634408,NA,NA,NA,NA,NA,NA,NA,NA,NA,NA,NA,NA,NA,NA,0,0,NA
124,Martinique,2011,0.734693149,0.620638484,NA,NA,NA,NA,NA,NA,NA,NA,NA,NA,NA,NA,NA,NA,NA,NA,0.045454545,0.392210521,NA
125,Mauritania,2011,0.914408307,0.987417273,1,0.020658381,0.024455619,0.026812238,0.050622268,0.007254216,0.061935464,0.132210799,0.027789398,0.065066275,0.038936457,0.024874918,0.015708974,NA,NA,NA,NA,NA,0.046722063
126,Mauritius,2011,0.825942935,0.912269436,1,0.116570525,0.036836996,0.094039357,0.163620859,0.083113987,0.19131126,0.2435473,0.106485197,0.152919387,0.194524454,0.376272777,0.154494569,NA,NA,NA,0.125,0.528245087,0.187833617
127,Mayotte,2011,0.794325476,0.745456498,NA,NA,NA,NA,NA,NA,NA,NA,NA,NA,NA,NA,NA,NA,NA,NA,0.056818182,0.448098516,NA
128,Mexico,2011,0.935161573,0.868040868,1,0.113201993,0.014103486,0.0322607,0.057567343,0.003626021,0.019794439,0.024292408,0.016475085,0.033721644,0.035150341,0.025338679,0.025141815,0.944444444,0.266666667,0.323529412,0.511363636,0.539758669,0.022942554
129,Micronesia,2011,0.881765459,0.718695034,NA,0.020922799,NA,NA,NA,NA,NA,NA,NA,NA,NA,NA,NA,NA,NA,NA,NA,NA,NA
130,Republic of Moldova,2011,0.980392731,0.732892952,1,0.026682337,0.025306936,0.04930242,0.086387675,0.043849286,0.104868698,0.111183889,0.045331177,0.090622806,0.084609997,0.016979499,0.088907153,NA,NA,NA,NA,NA,0.073294063
131,Mongolia,2011,0.717399667,0.956090628,1,0.061963906,0.000802209,0.001876896,0.002191024,0.000137882,0.000899768,0.002021156,0.000838758,0.003775355,0.001145098,0.00123491,0.001015728,NA,NA,NA,NA,NA,0.001383582
132,Montenegro,2011,0.777333371,0.714865895,1,0.101860445,0.01573691,0.029283081,0.042781222,0.024759636,0.042903262,0.063737157,0.020607136,0.042960737,0.090531936,0.007628984,0.054934138,NA,NA,NA,0.068181818,0.665612958,0.043507873
133,Morocco,2011,0.96778684,0.924282189,1,0.045916002,0.040728728,0.052606667,0.078890045,0.050571677,0.046860821,0.067527464,0.037396943,0.097149586,0.043238426,0.030765854,0.085541574,0.811111111,0.366666667,0.514705882,0.204545455,0.204918294,0.057381543
134,Mozambique,2011,0.892404908,0.73672739,1,0.00250711,0.011637436,0.023259698,0.062202289,0.027573296,0.034135325,0.045280092,0.028396045,0.035630799,0.097118913,0.048313669,0.032825578,NA,NA,NA,0.125,0.324393424,0.043659215
135,Myanmar,2011,0.917959455,0.822562161,1,NA,NA,NA,NA,NA,NA,NA,NA,NA,NA,NA,NA,1,0,0,0.25,0.610310838,NA
136,Namibia,2011,0.987440377,0.812089961,0.166666667,0.059989378,0.056352578,0.051304083,0.100326472,0.054767818,0.089481208,0.192052688,0.052573134,0.086214584,0.067671469,0.066952808,0.069560206,0.377777778,1,1,0.102272727,0.249210003,0.084909239
137,Nepal,2011,0.750200562,0.822229132,1,0.010674133,0.000399874,0.001225262,0.001953698,0.00045761,0.000563552,0.000740516,0.000890064,0.001110106,0.001499639,0.001330257,0.001648939,NA,NA,NA,0.125,0.730719942,0.001030085
138,Netherlands,2011,0.966801913,0.74391155,1,0.34285466,0.048849492,0.073978714,0.090499994,0.036743683,0.118962921,0.138690691,0.041006202,0.108808332,0.154223093,0.010264332,0.092521433,0.988888889,1,0.897058824,0.136363636,0.560531624,0.087652586
139,Netherlands Antilles,2011,0.794432791,0.857055607,NA,NA,NA,NA,NA,NA,NA,NA,NA,NA,NA,NA,NA,NA,NA,NA,0,NA,NA
140,New Caledonia,2011,0.838619799,0.780358596,NA,NA,0.064157266,0.143204337,0.212055126,0.086549625,0.255933337,0.248510394,0.158254297,0.214720036,0.443921085,0.116129537,0.312033477,NA,NA,NA,0.034090909,0.643864209,0.229506474
141,New Zealand,2011,0.975954063,0.935466883,1,0.23719722,0.055417183,0.077340756,0.101885094,0.035248116,0.141256095,0.139758348,0.050012926,0.123341442,0.155070387,0.017249569,0.109933969,0,1,0.882352941,0.034090909,0.617297353,0.096483857
142,Nicaragua,2011,0.934833949,0.957269014,1,0.027013422,0.013204276,0.021661611,0.038977965,0.000152415,0.02073535,0.026806044,0.020083914,0.03330973,0.029059711,0.012469947,0.030538235,1,0.222222222,0.294117647,0.056818182,0.65445619,0.021644418
143,Niger,2011,0.943257587,0.718475966,1,0.001423967,0.000306272,0.000603477,0.000990016,0.00045761,0.000902067,0.001878792,0.00054534,0.000752678,0.000969876,0.000444393,0.000328925,NA,NA,NA,0.011363636,0.267318073,0.00078496
144,Nigeria,2011,0.850028743,0.873930152,1,0.034557975,0.050038864,0.050052698,0.117398768,0.010873691,0.06952721,0.155602637,0.045852437,0.068276032,0.052634891,0.155304792,0.059383215,0.544444444,0.588888889,0.441176471,0.204545455,0.633995196,0.077181863
145,Norway,2011,0.934270046,0.846027905,1,0.46531431,0.050463225,0.122743208,0.211180026,0.069378241,0.199456931,0.215947479,0.074635489,0.218947078,0.225417661,0.040408885,0.283846908,1,0,0.294117647,0.159090909,0.654144836,0.166004834
146,Oman,2011,0.921840111,0.935740325,1,0.313573078,NA,NA,NA,NA,NA,NA,NA,NA,NA,NA,NA,NA,NA,NA,0.090909091,0.23468803,NA
147,Pakistan,2011,0.990998504,0.883283923,1,0.027755743,0.002107002,0.002802439,0.004037545,0.000771984,0.001179256,0.004513427,0.001458569,0.003927795,0.004208542,0.001673687,0.004625232,0.333333333,0.222222222,0.588235294,0.102272727,0.626851398,0.002794811
148,Palau,2011,0.570627449,0.850955005,NA,0.093008031,NA,NA,NA,NA,NA,NA,NA,NA,NA,NA,NA,NA,NA,NA,0.068181818,0.45062906,NA
149,Palestine,2011,0.626145066,0.921582601,NA,NA,NA,NA,NA,NA,NA,NA,NA,NA,NA,NA,NA,NA,NA,NA,NA,NA,NA
150,Panama,2011,0.920646437,0.805589674,1,0.119055912,0.025434992,0.055267703,0.08840196,0.002365024,0.047856162,0.050165642,0.033443933,0.093675097,0.06396908,0.045512747,0.057328828,1,0.222222222,0.588235294,0.181818182,0.492326275,0.049289564
151,Papua New Guinea,2011,0.874101831,0.93853224,NA,0.012943791,NA,NA,NA,NA,NA,NA,NA,NA,NA,NA,NA,NA,NA,NA,0.102272727,0.386846287,NA
152,Paraguay,2011,0.985639238,0.836109358,1,0.051592393,0.000698503,0.002233575,0.004082491,0.000449132,0.001937582,0.002716897,0.001764832,0.00470723,0.003408024,0.001450849,0.002924492,NA,NA,NA,0.113636364,0.62156942,0.00241988
153,Peru,2011,0.999875478,0.947892901,1,0.073119686,0.090873094,0.112421349,0.180220908,0.003586037,0.081387457,0.097309695,0.084317208,0.134386317,0.17221878,0.098105544,0.140242518,1,0.233333333,0.308823529,0.284090909,0.399741926,0.101444195
154,Philippines,2011,0.82611245,0.771954432,1,0.038479314,0.229293897,0.143872859,0.247004529,0.096079814,0.246840828,0.314534043,0.187378031,0.220391331,0.197135737,0.139716005,0.374458423,1,0.5,0.220588235,0.352272727,0.712498585,0.222066777
155,Poland,2011,0.89890599,0.876324027,1,0.164066298,0.025179132,0.034039441,0.052293463,0.018500922,0.052726111,0.069140993,0.026111304,0.057336846,0.067400665,0.009825189,0.046919835,0.444444444,0.444444444,0.588235294,0.136363636,0.575046585,0.043495233
156,Portugal,2011,0.969702057,0.995129414,1,0.197117909,0.058463164,0.143604382,0.242245862,0.080455214,0.227361937,0.23614479,0.111502739,0.223737581,0.393475777,0.056628678,0.297003722,0.855555556,0.733333333,0.823529412,0.431818182,0.490613715,0.203288805
157,Qatar,2011,0.819200603,0.775846755,NA,1,NA,NA,NA,NA,NA,NA,NA,NA,NA,NA,NA,NA,NA,NA,0.022727273,0.304825194,NA
158,Reunion,2011,0.868437289,0.879903974,NA,NA,NA,NA,NA,NA,NA,NA,NA,NA,NA,NA,NA,NA,NA,NA,NA,NA,NA
159,Reunion,2011,0.868437289,0.879903974,NA,NA,NA,NA,NA,NA,NA,NA,NA,NA,NA,NA,NA,NA,NA,NA,NA,NA,NA
160,Romania,2011,0.998634584,0.86515722,1,0.127395968,0.010207123,0.016903621,0.023924674,0.01012318,0.030207072,0.037941141,0.013260281,0.026542321,0.034476762,0.004034146,0.025881526,NA,NA,NA,0.363636364,0.770122312,0.022808304
161,Russian Federation,2011,0.958256226,0.895174361,1,0.164439331,0.033129948,0.057976397,0.090057132,0.043741838,0.107806419,0.123513452,0.053971393,0.10016206,0.124862622,0.02126738,0.097515866,0.922222222,0.966666667,0.955882353,NA,NA,0.084105129
162,Rwanda,2011,0.669749928,0.864136173,1,0.005843433,0.004754692,0.0044659,0.010224071,0.002333003,0.00484775,0.007492657,0.003695685,0.003601572,0.017063796,0.005779126,0.004001298,NA,NA,NA,0.034090909,0.422558851,0.006101861
163,Saint Helena,2011,0.771323296,0.670808402,NA,NA,NA,NA,NA,NA,NA,NA,NA,NA,NA,NA,NA,NA,NA,NA,NA,NA,NA
164,Saint Kitts and Nevis,2011,0.895413838,0.967659086,NA,0.14947457,0.074047,0.172851076,0.324856512,0.32702614,0.194632882,0.18663649,0.154778511,0.334280854,0.280804946,0.240774885,0.420066559,NA,NA,NA,0.011363636,0.001447167,0.267375159
165,Saint Lucia,2011,0.566833336,0.99008014,NA,0.074315189,0.205880966,0.172700506,0.241562014,0.283956285,0.169671273,0.206213379,0.133582459,0.300426601,0.219918157,0.159280774,0.297126507,NA,NA,NA,0.034090909,0.402404318,0.22127193
166,Saint Vincent and the Grenadines,2011,0.881999591,0.760846964,1,0.069321942,0.051707101,0.084517479,0.136430531,0.079246415,0.088453496,0.100154722,0.069383703,0.125292457,0.102218115,0.055647768,0.13575468,NA,NA,NA,NA,NA,0.094518919
167,Samoa,2011,0.99042874,0.994486367,1,0.037857593,NA,NA,NA,NA,NA,NA,NA,NA,NA,NA,NA,NA,NA,NA,0.079545455,0.1789133,NA
168,Sao Tome and Principe,2011,0.966112661,0.822647013,1,0.01665015,NA,NA,NA,NA,NA,NA,NA,NA,NA,NA,NA,NA,NA,NA,NA,NA,NA
169,Saudi Arabia,2011,0.958107869,0.999622202,1,0.350987226,0.01239964,0.022572547,0.036700949,0.034464755,0.024419863,0.030455411,0.021364632,0.028379232,0.023348255,0.013116781,0.034377601,0.966666667,0.033333333,0.573529412,0.204545455,0.611285165,0.026240816
170,Senegal,2011,0.887775357,0.692620337,1,0.011549787,0.066716781,0.118708706,0.249239724,0.039584495,0.306337723,0.449340119,0.183087335,0.219937488,0.185335284,0.270384272,0.111237276,0.666666667,0.744444444,0.735294118,0.113636364,0.218744604,0.220655499
171,Serbia,2011,0.803487109,0.958486708,1,0.089548862,0.012171107,0.01903469,0.030217622,0.019683035,0.032937539,0.041535651,0.021427463,0.034982986,0.038166592,0.006222609,0.02885648,NA,NA,NA,0.056818182,0.729644033,0.027976544
172,Serbia and Montenegro,2011,0.811075932,0.915020885,NA,NA,NA,NA,NA,NA,NA,NA,NA,NA,NA,NA,NA,NA,NA,NA,0.056818182,NA,NA
173,Seychelles,2011,0.851827524,0.460358614,NA,0.164338957,NA,NA,NA,NA,NA,NA,NA,NA,NA,NA,NA,NA,NA,NA,0,0,NA
174,Sierra Leone,2011,0.970485186,0.987275569,1,0.005674145,NA,NA,NA,NA,NA,NA,NA,NA,NA,NA,NA,NA,NA,NA,0.011363636,0.167874642,NA
175,Singapore,2011,0.950267731,0.842743834,NA,0.556792756,NA,NA,NA,NA,NA,NA,NA,NA,NA,NA,NA,NA,NA,NA,0.534090909,0.719616887,NA
176,Slovakia,2011,0.955834804,0.777928558,1,0.183897714,0.015218277,0.026284096,0.046886608,0.019387578,0.051841818,0.064716616,0.025790603,0.054562333,0.056635703,0.010727746,0.047575223,NA,NA,NA,0.227272727,0.646920232,0.041404703
177,Slovenia,2011,0.982489353,0.972021716,1,0.208961328,0.013548495,0.030365589,0.046205594,0.024324353,0.050183875,0.058796649,0.023091968,0.048571705,0.093994281,0.010486939,0.060823699,NA,NA,NA,0.306818182,0.736701852,0.046284184
178,Solomon Islands,2011,0.8972358,0.977175701,1,0.010182,NA,NA,NA,NA,NA,NA,NA,NA,NA,NA,NA,NA,NA,NA,0.034090909,0.59898181,NA
179,Somalia,2011,0.838500632,0.926674123,NA,NA,NA,NA,NA,NA,NA,NA,NA,NA,NA,NA,NA,NA,NA,NA,NA,NA,NA
180,South Africa,2011,0.990974797,0.940945295,1,0.087443998,0.013269655,0.024610995,0.043148254,0.014137409,0.025512802,0.050068235,0.015317421,0.039434564,0.029595965,0.068717157,0.02501743,0.155555556,0.955555556,0.897058824,0.295454545,0.400109405,0.033475123
181,Spain,2011,0.993173425,0.965012106,1,0.239048152,0.032824373,0.110000724,0.171318862,0.110150299,0.154868133,0.169984383,0.085596469,0.153235549,0.409353254,0.051266771,0.295803893,1,0.955555556,0.852941176,0.897727273,0.616540795,0.178782344
182,Sri Lanka,2011,0.830375364,0.924326768,1,0.062413343,0.417808816,0.120093434,0.261031657,0.259713402,0.070266502,0.166478112,0.036913678,0.107359713,0.584848646,1,0.159171324,1,0,0,0.193181818,0.46190397,0.298093922
183,Saint Pierre and Miquelon,2011,0.989344223,0.927105438,NA,NA,NA,NA,NA,NA,NA,NA,NA,NA,NA,NA,NA,NA,NA,NA,NA,NA,NA
184,Sudan,2011,0.606263053,0.713402641,NA,0.021432162,NA,NA,NA,NA,NA,NA,NA,NA,NA,NA,NA,NA,NA,NA,0,NA,NA
185,Sudan (former),2011,0.98826463,0.860966441,1,NA,0.000985118,0.001295647,0.002140386,0.000892118,0.002340285,0.004335232,0.000756827,0.001956714,0.00359109,0.000728861,0.001224476,NA,NA,NA,0.022727273,0.462747918,0.0019782
186,Suriname,2011,0.849771042,0.858788388,1,0.108633464,0.023396489,0.063536497,0.13353737,0.019988877,0.070403106,0.059949623,0.045178236,0.139764841,0.088378068,0.066896969,0.1204269,NA,NA,NA,0.056818182,0.303147672,0.076373327
187,Swaziland,2011,0.896454391,0.917993511,1,0.05245756,0.004860005,0.004652798,0.010513779,0.008779623,0.008118945,0.017010002,0.005759722,0.009246756,0.013735172,0.006108707,0.005477436,NA,NA,NA,0.090909091,0.740699539,0.009279545
188,Sweden,2011,0.974904439,0.977269008,1,0.322786541,0.042925563,0.071053881,0.112076762,0.03272539,0.118857348,0.147499247,0.055700812,0.117029586,0.18156986,0.020826561,0.198936922,0.255555556,0.511111111,0.705882353,0.102272727,0.528664313,0.109143216
189,Switzerland,2011,0.961528851,0.901350281,1,0.403996096,0.014361655,0.033613619,0.05885215,0.020629391,0.063119176,0.074190449,0.029105996,0.058466346,0.163389058,0.011702436,0.118544121,NA,NA,NA,0.079545455,0.676934465,0.067393372
190,Syrian Arab Republic,2011,0.978749265,0.835240704,NA,NA,0.011669049,0.030008259,0.043682583,0.025573602,0.031102062,0.042831155,0.016985693,0.031098783,0.083106687,0.010375962,0.073250025,NA,NA,NA,0.056818182,0.722248205,0.039290496
191,Taiwan,2011,0.991271879,0.836957749,NA,NA,NA,NA,NA,NA,NA,NA,NA,NA,NA,NA,NA,0.6,0.277777778,0.470588235,NA,NA,NA
192,United Republic of Tanzania,2011,0.875013713,0.988728771,1,0.011908587,0.002358386,0.003887194,0.008167391,0.001131283,0.005186416,0.008764235,0.002465619,0.004660517,0.004961771,0.011182963,0.004803209,NA,NA,NA,NA,NA,0.005394502
193,Thailand,2011,0.999338149,0.800308325,1,0.097656709,0.073638383,0.084065374,0.149224508,0.084182076,0.14982941,0.202023518,0.104896198,0.13424171,0.225229928,0.057603383,0.26338251,0.922222222,0.177777778,0.117647059,0.431818182,0.675767691,0.152673592
194,Timor-Leste,2011,0.571634839,0.89803151,1,0.010100352,NA,NA,NA,NA,NA,NA,NA,NA,NA,NA,NA,NA,NA,NA,NA,NA,NA
195,Togo,2011,0.941965493,0.604104658,1,0.004779015,NA,NA,NA,NA,NA,NA,NA,NA,NA,NA,NA,NA,NA,NA,0.045454545,0.222599422,NA
196,Tonga,2011,0.823952062,0.975833272,NA,0.0330606,NA,NA,NA,NA,NA,NA,NA,NA,NA,NA,NA,1,0.666666667,0.588235294,0.079545455,0.573258849,NA
197,Trinidad and Tobago,2011,0.912960001,0.899988225,1,0.218335839,0.04603834,0.085289792,0.156942795,0.163093927,0.090659779,0.109135047,0.073785053,0.174237277,0.100286265,0.091051511,0.186308857,NA,NA,NA,0.034090909,0.179192137,0.123569714
198,Tunisia,2011,0.924269516,0.979768071,1,0.071921187,0.032757288,0.058278744,0.082423138,0.063310443,0.103082842,0.141986931,0.066258291,0.112561247,0.092494555,0.022688231,0.083328347,NA,NA,NA,0.295454545,0.534012039,0.085713861
199,Turkey,2011,0.991826498,0.949618992,1,0.129262631,0.010579011,0.023438316,0.030133077,0.023093155,0.021596637,0.033750121,0.018912048,0.024309621,0.034772403,0.007637838,0.024076994,0.6,0.244444444,0.602941176,0.261363636,0.637612685,0.023518602
200,Turkmenistan,2011,0.580597893,0.879353286,1,0.080474726,NA,NA,NA,NA,NA,NA,NA,NA,NA,NA,NA,NA,NA,NA,0.022727273,0.272831903,NA
201,Turks and Caicos Islands,2011,0.907641913,0.887607009,NA,NA,NA,NA,NA,NA,NA,NA,NA,NA,NA,NA,NA,NA,NA,NA,NA,NA,NA
202,Tuvalu,2011,0.908203617,0.8661949,NA,0.021506319,NA,NA,NA,NA,NA,NA,NA,NA,NA,NA,NA,NA,NA,NA,0,0.13364055,NA
203,Uganda,2011,0.8766503,0.871972676,1,0.007725825,NA,NA,NA,NA,NA,NA,NA,NA,NA,NA,NA,NA,NA,NA,0.090909091,0.594879856,NA
204,Ukraine,2011,0.866355188,0.906922665,1,0.057414103,0.036162753,0.059942467,0.089187931,0.041136474,0.106723612,0.135339224,0.059878964,0.092064259,0.143213507,0.019812449,0.098527749,0.744444444,0.944444444,0.764705882,0.375,0.567379114,0.08708703
205,USSR,2011,0.886727856,0.981004116,NA,NA,NA,NA,NA,NA,NA,NA,NA,NA,NA,NA,NA,NA,NA,NA,NA,NA,NA
206,United Arab Emirates,2011,0.958702787,0.734692554,1,0.426793048,0.025582704,0.074439276,0.115851307,0.106527814,0.073592691,0.087504187,0.072205122,0.093282791,0.063477176,0.049986129,0.07812852,NA,NA,NA,0.136363636,0.351765547,0.078088054
207,United Kingdom,2011,0.939791305,0.887479927,1,0.269460818,0.020025173,0.047304313,0.078262644,0.03112693,0.072860002,0.078926543,0.035341298,0.069957039,0.10935151,0.01957801,0.130131435,0.988888889,0.1,0.367647059,0.397727273,0.630638454,0.068409096
208,United States of America,2011,0.938614376,0.891090527,1,0.368271083,0.009031054,0.043269642,0.07170765,0.028813298,0.038679049,0.048015575,0.02340628,0.058360887,0.145349251,0.019938656,0.171295641,0.3,0.7,0.705882353,0.488636364,0.52772733,0.06673233
209,Uruguay,2011,0.996337876,0.87494281,1,0.129495589,0.010183228,0.017742685,0.025976467,0.00299436,0.023943747,0.02263523,0.016208595,0.035552627,0.026487041,0.007062115,0.01979141,NA,NA,NA,0.136363636,0.225974146,0.019334391
210,Uzbekistan,2011,0.62674967,0.666779166,1,0.028429899,0.000225674,0.000475905,0.0005999,0.000171793,0.000942846,0.001112308,0.000449937,0.000888421,0.000347682,0.000117902,0.000296617,NA,NA,NA,0.068181818,0.733806249,0.000540938
211,Vanuatu,2011,0.802376743,0.895573596,1,0.017214194,NA,NA,NA,NA,NA,NA,NA,NA,NA,NA,NA,NA,NA,NA,0.068181818,0.234791106,NA
212,Venezuela,2011,0.963434765,0.68428357,1,0.122732308,0.019363996,0.04731239,0.077399709,0.002761952,0.044010023,0.038533578,0.037585019,0.077552017,0.074708877,0.046666405,0.076005886,0,0.222222222,0.294117647,NA,NA,0.04972797
213,Viet Nam,2011,0.942426932,0.688976588,1,0.030710792,NA,NA,NA,NA,NA,NA,NA,NA,NA,NA,NA,0.966666667,0.2,0.176470588,0.272727273,0.71455394,NA
214,Yemen,2011,0.957275699,0.853558379,1,0.022465118,NA,NA,NA,NA,NA,NA,NA,NA,NA,NA,NA,NA,NA,NA,0,0.232144082,NA
215,Yugoslavia SFR,2011,0.976064046,0.673451608,NA,NA,NA,NA,NA,NA,NA,NA,NA,NA,NA,NA,NA,NA,NA,NA,0.068181818,NA,NA
216,Zambia,2011,0.966791516,0.657838585,0.166666667,0.020706321,NA,NA,NA,NA,NA,NA,NA,NA,NA,NA,NA,NA,NA,NA,0.102272727,0.544239941,NA
217,Zimbabwe,2011,0.974449247,0.976182187,0.75,0.006790247,0.002752273,0.004744642,0.009836118,0.006080963,0.009600654,0.021464339,0.007130546,0.009870456,0.01150689,0.006789541,0.005642206,NA,NA,NA,0.034090909,0.530392601,0.009760699
218,South Sudan,2011,NA,NA,NA,0.021308566,NA,NA,NA,NA,NA,NA,NA,NA,NA,NA,NA,NA,NA,NA,0,NA,NA
219,Southern Africa,2011,NA,NA,1,0.083483708,NA,NA,NA,NA,NA,NA,NA,NA,NA,NA,NA,NA,NA,NA,NA,NA,NA
220,Tajikistan,2011,NA,NA,0.416666667,0.012077126,0.000878715,0.001725025,0.002620789,0.000923176,0.003350021,0.00462766,0.002245302,0.003984294,0.003376453,0.000690203,0.002775691,NA,NA,NA,0.090909091,0.675184471,0.0027466
221,Eastern Asia,2011,NA,NA,1,0.221046694,NA,NA,NA,NA,NA,NA,NA,NA,NA,NA,NA,NA,NA,NA,NA,NA,NA
222,Afghanistan,2011,NA,NA,1,0.008205974,NA,NA,NA,NA,NA,NA,NA,NA,NA,NA,NA,NA,NA,NA,0.011363636,0.709226823,NA
223,Southern Asia,2011,NA,NA,1,0.038996916,NA,NA,NA,NA,NA,NA,NA,NA,NA,NA,NA,NA,NA,NA,NA,NA,NA
224,West Bank and Gaza Strip,2011,NA,NA,NA,0.028026903,NA,NA,NA,NA,NA,NA,NA,NA,NA,NA,NA,NA,NA,NA,NA,NA,NA
225,Anguilla,2011,NA,NA,NA,NA,NA,NA,NA,NA,NA,NA,NA,NA,NA,NA,NA,NA,NA,NA,NA,NA,NA
226,British Virgin Islands,2011,NA,NA,NA,NA,NA,NA,NA,NA,NA,NA,NA,NA,NA,NA,NA,NA,NA,NA,NA,NA,NA
227,Montserrat,2011,NA,NA,NA,NA,NA,NA,NA,NA,NA,NA,NA,NA,NA,NA,NA,NA,NA,NA,NA,NA,NA
228,Puerto Rico,2011,NA,NA,NA,0.250965728,NA,NA,NA,NA,NA,NA,NA,NA,NA,NA,NA,NA,NA,NA,0.113636364,0.413601201,NA
229,United States Virgin Islands,2011,NA,NA,NA,NA,NA,NA,NA,NA,NA,NA,NA,NA,NA,NA,NA,NA,NA,NA,NA,NA,NA
230,American Samoa,2011,NA,NA,NA,NA,NA,NA,NA,NA,NA,NA,NA,NA,NA,NA,NA,NA,NA,NA,0,0.328379401,NA
231,Nauru,2011,NA,NA,NA,NA,NA,NA,NA,NA,NA,NA,NA,NA,NA,NA,NA,NA,NA,NA,0,0,NA
232,Niue,2011,NA,NA,NA,NA,NA,NA,NA,NA,NA,NA,NA,NA,NA,NA,NA,NA,NA,NA,NA,NA,NA
233,Northern Mariana Islands,2011,NA,NA,NA,NA,NA,NA,NA,NA,NA,NA,NA,NA,NA,NA,NA,NA,NA,NA,NA,NA,NA
234,Tokelau,2011,NA,NA,NA,NA,NA,NA,NA,NA,NA,NA,NA,NA,NA,NA,NA,NA,NA,NA,NA,NA,NA
235,Wallis and Futuna Islands,2011,NA,NA,NA,NA,NA,NA,NA,NA,NA,NA,NA,NA,NA,NA,NA,NA,NA,NA,NA,NA,NA
236,Andorra,2011,NA,NA,NA,NA,NA,NA,NA,NA,NA,NA,NA,NA,NA,NA,NA,NA,NA,NA,NA,NA,NA
237,Gibraltar,2011,NA,NA,NA,NA,NA,NA,NA,NA,NA,NA,NA,NA,NA,NA,NA,NA,NA,NA,NA,NA,NA
238,Holy See,2011,NA,NA,NA,NA,NA,NA,NA,NA,NA,NA,NA,NA,NA,NA,NA,NA,NA,NA,NA,NA,NA
239,Liechtenstein,2011,NA,NA,NA,NA,NA,NA,NA,NA,NA,NA,NA,NA,NA,NA,NA,NA,NA,NA,NA,NA,NA
240,Monaco,2011,NA,NA,NA,NA,NA,NA,NA,NA,NA,NA,NA,NA,NA,NA,NA,NA,NA,NA,NA,NA,NA
241,San Marino,2011,NA,NA,NA,NA,NA,NA,NA,NA,NA,NA,NA,NA,NA,NA,NA,NA,NA,NA,NA,NA,NA
